";""Energiedragers"";""Totaal energiedragers"";""Totaal energiedragers"";""Totaal energiedragers"";""Totaal energiedragers"";""Totaal energiedragers"";""Totaal energiedragers"";""Totaal energiedragers"";""Totaal energiedragers"";""Totaal energiedragers"";""Totaal energiedragers"";""Totaal energiedragers"";""Totaal energiedragers"";""Totaal energiedragers"";""Totaal energiedragers"";""Totaal energiedragers"";""Totaal energiedragers"";""Totaal energiedragers"";""Totaal energiedragers"";""Totaal energiedragers"";""Totaal kool en koolproducten"";""Totaal kool en koolproducten"";""Totaal kool en koolproducten"";""Totaal kool en koolproducten"";""Totaal kool en koolproducten"";""Totaal kool en koolproducten"";""Totaal kool en koolproducten"";""Totaal kool en koolproducten"";""Totaal kool en koolproducten"";""Totaal kool en koolproducten"";""Totaal kool en koolproducten"";""Totaal kool en koolproducten"";""Totaal kool en koolproducten"";""Totaal kool en koolproducten"";""Totaal kool en koolproducten"";""Totaal kool en koolproducten"";""Totaal kool en koolproducten"";""Totaal kool en koolproducten"";""Totaal kool en koolproducten"";""Totaal aardoliegrondstoffen en producten"";""Totaal aardoliegrondstoffen en producten"";""Totaal aardoliegrondstoffen en producten"";""Totaal aardoliegrondstoffen en producten"";""Totaal aardoliegrondstoffen en producten"";""Totaal aardoliegrondstoffen en producten"";""Totaal aardoliegrondstoffen en producten"";""Totaal aardoliegrondstoffen en producten"";""Totaal aardoliegrondstoffen en producten"";""Totaal aardoliegrondstoffen en producten"";""Totaal aardoliegrondstoffen en producten"";""Totaal aardoliegrondstoffen en producten"";""Totaal aardoliegrondstoffen en producten"";""Totaal aardoliegrondstoffen en producten"";""Totaal aardoliegrondstoffen en producten"";""Totaal aardoliegrondstoffen en producten"";""Totaal aardoliegrondstoffen en producten"";""Totaal aardoliegrondstoffen en producten"";""Totaal aardoliegrondstoffen en producten"";""Aardgas"";""Aardgas"";""Aardgas"";""Aardgas"";""Aardgas"";""Aardgas"";""Aardgas"";""Aardgas"";""Aardgas"";""Aardgas"";""Aardgas"";""Aardgas"";""Aardgas"";""Aardgas"";""Aardgas"";""Aardgas"";""Aardgas"";""Aardgas"";""Aardgas"";""Hernieuwbare energie"";""Hernieuwbare energie"";""Hernieuwbare energie"";""Hernieuwbare energie"";""Hernieuwbare energie"";""Hernieuwbare energie"";""Hernieuwbare energie"";""Hernieuwbare energie"";""Hernieuwbare energie"";""Hernieuwbare energie"";""Hernieuwbare energie"";""Hernieuwbare energie"";""Hernieuwbare energie"";""Hernieuwbare energie"";""Hernieuwbare energie"";""Hernieuwbare energie"";""Hernieuwbare energie"";""Hernieuwbare energie"";""Hernieuwbare energie"";""Elektriciteit"";""Elektriciteit"";""Elektriciteit"";""Elektriciteit"";""Elektriciteit"";""Elektriciteit"";""Elektriciteit"";""Elektriciteit"";""Elektriciteit"";""Elektriciteit"";""Elektriciteit"";""Elektriciteit"";""Elektriciteit"";""Elektriciteit"";""Elektriciteit"";""Elektriciteit"";""Elektriciteit"";""Elektriciteit"";""Elektriciteit"";""Warmte"";""Warmte"";""Warmte"";""Warmte"";""Warmte"";""Warmte"";""Warmte"";""Warmte"";""Warmte"";""Warmte"";""Warmte"";""Warmte"";""Warmte"";""Warmte"";""Warmte"";""Warmte"";""Warmte"";""Warmte"";""Warmte"";""Kernenergie"";""Kernenergie"";""Kernenergie"";""Kernenergie"";""Kernenergie"";""Kernenergie"";""Kernenergie"";""Kernenergie"";""Kernenergie"";""Kernenergie"";""Kernenergie"";""Kernenergie"";""Kernenergie"";""Kernenergie"";""Kernenergie"";""Kernenergie"";""Kernenergie"";""Kernenergie"";""Kernenergie"";""Niet biogeen huish. afval en reststoom"";""Niet biogeen huish. afval en reststoom"";""Niet biogeen huish. afval en reststoom"";""Niet biogeen huish. afval en reststoom"";""Niet biogeen huish. afval en reststoom"";""Niet biogeen huish. afval en reststoom"";""Niet biogeen huish. afval en reststoom"";""Niet biogeen huish. afval en reststoom"";""Niet biogeen huish. afval en reststoom"";""Niet biogeen huish. afval en reststoom"";""Niet biogeen huish. afval en reststoom"";""Niet biogeen huish. afval en reststoom"";""Niet biogeen huish. afval en reststoom"";""Niet biogeen huish. afval en reststoom"";""Niet biogeen huish. afval en reststoom"";""Niet biogeen huish. afval en reststoom"";""Niet biogeen huish. afval en reststoom"";""Niet biogeen huish. afval en reststoom"";""Niet biogeen huish. afval en reststoom"";""Energie uit overige bronnen"";""Energie uit overige bronnen"";""Energie uit overige bronnen"";""Energie uit overige bronnen"";""Energie uit overige bronnen"";""Energie uit overige bronnen"";""Energie uit overige bronnen"";""Energie uit overige bronnen"";""Energie uit overige bronnen"";""Energie uit overige bronnen"";""Energie uit overige bronnen"";""Energie uit overige bronnen"";""Energie uit overige bronnen"";""Energie uit overige bronnen"";""Energie uit overige bronnen"";""Energie uit overige bronnen"";""Energie uit overige bronnen"";""Energie uit overige bronnen"";""Energie uit overige bronnen""",,,,,,,,,,,,,,,,,,,,,,,,,,,,,,,,,,,,,,,,,,,,,,,,,,,,,,,,,,,,,,,,,,,,,,,,,,,,,,,,,,,,,,,,,,,,,,,,,,,,,,,,,,,,,,,,,,,,,,,,,,,,,,,,,,,,,,,,,,,,,,,,,,,,,,,,,,,,,,,,,,,,,,,,,,,,,,,,,,,,,,,,,,,,
"Onderwerp;""Perioden"";""2000"";""2001"";""2002"";""2003"";""2004"";""2005"";""2006"";""2007"";""2008"";""2009"";""2010"";""2011"";""2012"";""2013"";""2014"";""2015"";""2016"";""2017**"";""2018*"";""2000"";""2001"";""2002"";""2003"";""2004"";""2005"";""2006"";""2007"";""2008"";""2009"";""2010"";""2011"";""2012"";""2013"";""2014"";""2015"";""2016"";""2017**"";""2018*"";""2000"";""2001"";""2002"";""2003"";""2004"";""2005"";""2006"";""2007"";""2008"";""2009"";""2010"";""2011"";""2012"";""2013"";""2014"";""2015"";""2016"";""2017**"";""2018*"";""2000"";""2001"";""2002"";""2003"";""2004"";""2005"";""2006"";""2007"";""2008"";""2009"";""2010"";""2011"";""2012"";""2013"";""2014"";""2015"";""2016"";""2017**"";""2018*"";""2000"";""2001"";""2002"";""2003"";""2004"";""2005"";""2006"";""2007"";""2008"";""2009"";""2010"";""2011"";""2012"";""2013"";""2014"";""2015"";""2016"";""2017**"";""2018*"";""2000"";""2001"";""2002"";""2003"";""2004"";""2005"";""2006"";""2007"";""2008"";""2009"";""2010"";""2011"";""2012"";""2013"";""2014"";""2015"";""2016"";""2017**"";""2018*"";""2000"";""2001"";""2002"";""2003"";""2004"";""2005"";""2006"";""2007"";""2008"";""2009"";""2010"";""2011"";""2012"";""2013"";""2014"";""2015"";""2016"";""2017**"";""2018*"";""2000"";""2001"";""2002"";""2003"";""2004"";""2005"";""2006"";""2007"";""2008"";""2009"";""2010"";""2011"";""2012"";""2013"";""2014"";""2015"";""2016"";""2017**"";""2018*"";""2000"";""2001"";""2002"";""2003"";""2004"";""2005"";""2006"";""2007"";""2008"";""2009"";""2010"";""2011"";""2012"";""2013"";""2014"";""2015"";""2016"";""2017**"";""2018*"";""2000"";""2001"";""2002"";""2003"";""2004"";""2005"";""2006"";""2007"";""2008"";""2009"";""2010"";""2011"";""2012"";""2013"";""2014"";""2015"";""2016"";""2017**"";""2018*""",,,,,,,,,,,,,,,,,,,,,,,,,,,,,,,,,,,,,,,,,,,,,,,,,,,,,,,,,,,,,,,,,,,,,,,,,,,,,,,,,,,,,,,,,,,,,,,,,,,,,,,,,,,,,,,,,,,,,,,,,,,,,,,,,,,,,,,,,,,,,,,,,,,,,,,,,,,,,,,,,,,,,,,,,,,,,,,,,,,,,,,,,,,,
"Totaal aanbod (TPES);""PJ"";""3146","8"";""3231","4"";""3265","1"";""3374","4"";""3410","9"";""3363","3"";""3324","2"";""3316","5"";""3283","9"";""3241","4"";""3472","6"";""3237","0"";""3251","7"";""3166","2"";""3011","0"";""3066","2"";""3123","7"";""3136","9"";""3092","1"";""325","2"";""346","1"";""348","0"";""359","3"";""354","6"";""338","6"";""323","9"";""351","8"";""333","5"";""312","4"";""315","5"";""311","4"";""341","2"";""342","8"";""378","8"";""461","1"";""427","3"";""383","0"";""342","7"";""1158","6"";""1188","5"";""1219","3"";""1305","8"";""1305","7"";""1303","8"";""1314","3"";""1319","8"";""1234","9"";""1205","2"";""1256","7"";""1203","9"";""1217","3"";""1141","2"";""1129","0"";""1134","4"";""1174","3"";""1187","1"";""1164","9"";""1465","7"";""1501","8"";""1498","9"";""1506","4"";""1538","6"";""1479","0"";""1433","7"";""1395","8"";""1451","0"";""1486","0"";""1677","6"";""1467","2"";""1402","0"";""1397","6"";""1218","4"";""1198","5"";""1257","2"";""1294","0"";""1285","1"";""57","1"";""59","9"";""65","8"";""64","4"";""76","1"";""95","3"";""101","8"";""105","7"";""127","1"";""140","2"";""137","3"";""143","0"";""151","1"";""149","6"";""150","3"";""159","8"";""164","8"";""181","8"";""."";""68","1"";""62","2"";""59","0"";""61","2"";""58","4"";""65","9"";""77","3"";""63","4"";""57","1"";""17","6"";""10","0"";""32","7"";""61","6"";""65","7"";""53","0"";""31","5"";""17","7"";""12","6"";""28","7"";"""";"""";"""";"""";"""";"""";"""";"""";"""";"""";"""";"""";"""";"""";"""";"""";"""";"""";""."";""40","5"";""40","9"";""40","3"";""41","3"";""39","4"";""41","3"";""35","9"";""41","0"";""40","1"";""41","0"";""38","4"";""40","2"";""38","5"";""27","6"";""39","4"";""39","2"";""38","4"";""33","1"";""34","7"";""30","5"";""30","5"";""33","1"";""35","2"";""36","1"";""37","3"";""35","3"";""36","6"";""38","1"";""37","0"";""35","0"";""36","2"";""36","0"";""37","8"";""39","3"";""38","1"";""40","4"";""41","6"";""."";""1","0"";""1","4"";""0","8"";""0","9"";""1","8"";""2","1"";""2","1"";""2","4"";""2","0"";""1","9"";""2","1"";""2","4"";""4","0"";""3","9"";""2","8"";""3","6"";""3","6"";""3","7"";"".""",,,,,,,,,,,,,,,,,,,,
"Winning;""PJ"";""2457","2"";""2574","3"";""2575","2"";""2477","9"";""2863","8"";""2622","7"";""2584","2"";""2532","6"";""2846","0"";""2646","4"";""2990","3"";""2794","0"";""2788","1"";""2943","2"";""2554","9"";""2036","2"";""1958","5"";""1776","0"";""1550","6"";"""";"""";"""";"""";"""";"""";"""";"""";"""";"""";"""";"""";"""";"""";"""";"""";"""";"""";"""";""114","8"";""108","6"";""142","2"";""142","1"";""129","1"";""107","2"";""97","8"";""125","1"";""104","8"";""85","5"";""74","7"";""76","9"";""83","2"";""86","7"";""109","6"";""106","0"";""85","6"";""81","7"";""81","6"";""2209","0"";""2327","3"";""2286","7"";""2185","8"";""2578","2"";""2352","0"";""2322","1"";""2232","1"";""2552","7"";""2358","0"";""2709","6"";""2501","9"";""2462","5"";""2606","6"";""2173","9"";""1651","4"";""1594","3"";""1388","5"";""1161","7"";""61","4"";""65","6"";""72","1"";""72","7"";""79","0"";""82","9"";""91","0"";""95","4"";""108","4"";""122","9"";""130","5"";""137","0"";""166","9"";""186","6"";""195","8"";""204","1"";""203","9"";""234","8"";""."";"""";"""";"""";"""";"""";"""";"""";"""";"""";"""";"""";"""";"""";"""";"""";"""";"""";"""";"""";"""";"""";"""";"""";"""";"""";"""";"""";"""";"""";"""";"""";"""";"""";"""";"""";"""";"""";""."";""40","5"";""40","9"";""40","3"";""41","3"";""39","4"";""41","3"";""35","9"";""41","0"";""40","1"";""41","0"";""38","4"";""40","2"";""38","5"";""27","6"";""39","4"";""39","2"";""38","4"";""33","1"";""34","7"";""30","5"";""30","5"";""33","1"";""35","2"";""36","1"";""37","3"";""35","3"";""36","6"";""38","1"";""37","0"";""35","0"";""35","6"";""32","9"";""31","9"";""33","3"";""31","9"";""32","7"";""34","1"";""."";""1","0"";""1","4"";""0","8"";""0","9"";""1","8"";""2","1"";""2","1"";""2","4"";""2","0"";""1","9"";""2","1"";""2","4"";""4","0"";""3","9"";""2","8"";""3","6"";""3","6"";""3","7"";"".""",,,,,,,,,,,,,,,,,,,,,,,,,,,,,,,,,,,,,,,,,,,,,,,,,,,,,,,,,,
"Invoer;""PJ"";""7172","1"";""7341","3"";""7589","2"";""7680","9"";""7937","9"";""8320","9"";""8597","8"";""8433","1"";""8665","0"";""8655","4"";""9148","5"";""8807","3"";""9458","4"";""9110","6"";""9333","7"";""10272","2"";""10298","0"";""10472","6"";""10321","4"";""340","1"";""371","3"";""367","9"";""372","8"";""369","2"";""354","1"";""342","0"";""371","9"";""341","0"";""310","7"";""324","5"";""315","9"";""340","8"";""343","9"";""406","8"";""452","2"";""430","7"";""394","1"";""347","5"";""6227","0"";""6249","8"";""6338","6"";""6466","0"";""6915","4"";""7169","3"";""7379","8"";""7169","8"";""7406","3"";""7491","1"";""7967","8"";""7669","9"";""8127","7"";""7705","2"";""7847","7"";""8458","5"";""8366","0"";""8344","5"";""8078","8"";""522","3"";""641","5"";""802","7"";""764","3"";""565","3"";""688","2"";""755","3"";""782","9"";""793","8"";""770","1"";""772","5"";""719","5"";""841","4"";""913","1"";""934","7"";""1223","9"";""1384","1"";""1624","4"";""1769","2"";""0","2"";""1","3"";""4","8"";""2","8"";""11","0"";""24","1"";""22","4"";""25","4"";""34","0"";""27","9"";""27","6"";""26","1"";""28","5"";""21","7"";""19","1"";""19","3"";""20","9"";""19","8"";""."";""82","6"";""77","4"";""75","1"";""74","9"";""77","1"";""85","3"";""98","4"";""83","1"";""89","9"";""55","6"";""56","1"";""74","2"";""115","8"";""119","7"";""118","3"";""110","7"";""87","3"";""80","8"";""96","3"";"""";"""";"""";"""";"""";"""";"""";"""";"""";"""";"""";"""";"""";"""";"""";"""";"""";"""";"""";"""";"""";"""";"""";"""";"""";"""";"""";"""";"""";"""";"""";"""";"""";"""";"""";"""";"""";"""";""."";""."";""."";""."";""."";""."";""."";""."";""."";""."";""."";""1","6"";""4","3"";""7","1"";""7","2"";""7","5"";""8","9"";""9","0"";""."";"""";"""";"""";"""";"""";"""";"""";"""";"""";"""";"""";"""";"""";"""";"""";"""";"""";"""";""""",,,,,,,,,,,,,,,,,,,,,,,,,,,,,,,,,,,,,,,,,,,,,,,,,,,,,,,,,,,,,,,,,,,,
"Uitvoer;""PJ"";""5686","4"";""5961","4"";""6200","7"";""6117","4"";""6586","3"";""6722","8"";""6962","7"";""6831","2"";""7286","5"";""7305","4"";""7955","6"";""7690","2"";""8185","0"";""8206","4"";""8101","5"";""8445","1"";""8597","4"";""8498","4"";""8087","0"";""16","8"";""23","9"";""21","0"";""17","5"";""10","9"";""11","1"";""22","4"";""17","7"";""10","2"";""4","8"";""4","6"";""1","8"";""3","3"";""9","2"";""18","3"";""7","1"";""5","3"";""8","0"";""5","5"";""4408","7"";""4429","4"";""4577","2"";""4632","4"";""4936","8"";""5115","7"";""5267","6"";""5111","3"";""5380","7"";""5583","9"";""6095","4"";""5908","2"";""6177","9"";""5959","3"";""6102","5"";""6630","2"";""6665","5"";""6670","5"";""6376","7"";""1241","9"";""1486","0"";""1575","1"";""1442","6"";""1606","0"";""1564","9"";""1639","9"";""1670","2"";""1851","7"";""1668","5"";""1786","1"";""1719","3"";""1906","5"";""2128","1"";""1846","7"";""1663","3"";""1796","5"";""1681","5"";""1576","9"";""4","4"";""7","0"";""11","2"";""11","2"";""13","9"";""11","7"";""11","5"";""12","2"";""11","1"";""10","2"";""23","3"";""18","4"";""41","9"";""54","6"";""67","6"";""64","1"";""59","3"";""68","7"";""."";""14","5"";""15","2"";""16","2"";""13","7"";""18","7"";""19","4"";""21","2"";""19","7"";""32","8"";""38","0"";""46","1"";""41","5"";""54","2"";""54","1"";""65","3"";""79","2"";""69","6"";""68","2"";""67","6"";"""";"""";"""";"""";"""";"""";"""";"""";"""";"""";"""";"""";"""";"""";"""";"""";"""";"""";"""";"""";"""";"""";"""";"""";"""";"""";"""";"""";"""";"""";"""";"""";"""";"""";"""";"""";"""";"""";""."";""."";""."";""."";""."";""."";""."";""."";""."";""."";""."";""1","1"";""1","2"";""1","2"";""1","2"";""1","2"";""1","2"";""1","5"";""."";"""";"""";"""";"""";"""";"""";"""";"""";"""";"""";"""";"""";"""";"""";"""";"""";"""";"""";""""",,,,,,,,,,,,,,,,,,,,,,,,,,,,,,,,,,,,,,,,,,,,,,,,,,,,,,,,,,,,,,,,,,,,
"Invoersaldo;""PJ"";""1485","8"";""1379","9"";""1388","5"";""1563","4"";""1351","6"";""1598","1"";""1635","2"";""1601","9"";""1378","5"";""1350","0"";""1192","8"";""1117","1"";""1273","4"";""904","2"";""1232","2"";""1827","2"";""1700","6"";""1974","2"";""2234","5"";""323","3"";""347","4"";""346","9"";""355","3"";""358","3"";""343","0"";""319","6"";""354","1"";""330","8"";""305","8"";""319","9"";""314","2"";""337","5"";""334","7"";""388","5"";""445","1"";""425","4"";""386","1"";""342","0"";""1818","3"";""1820","4"";""1761","3"";""1833","6"";""1978","6"";""2053","5"";""2112","1"";""2058","5"";""2025","6"";""1907","2"";""1872","4"";""1761","7"";""1949","8"";""1745","9"";""1745","2"";""1828","4"";""1700","6"";""1674","0"";""1702","1"";""-719","7"";""-844","5"";""-772","4"";""-678","4"";""-1040","7"";""-876","7"";""-884","6"";""-887","3"";""-1057","9"";""-898","4"";""-1013","6"";""-999","8"";""-1065","2"";""-1215","0"";""-912","1"";""-439","3"";""-412","4"";""-57","1"";""192","3"";""-4","2"";""-5","7"";""-6","3"";""-8","3"";""-2","9"";""12","4"";""10","9"";""13","2"";""22","9"";""17","7"";""4","2"";""7","7"";""-13","5"";""-32","9"";""-48","5"";""-44","7"";""-38","4"";""-48","9"";""."";""68","1"";""62","2"";""59","0"";""61","2"";""58","4"";""65","9"";""77","3"";""63","4"";""57","1"";""17","6"";""10","0"";""32","7"";""61","6"";""65","7"";""53","0"";""31","5"";""17","7"";""12","6"";""28","7"";"""";"""";"""";"""";"""";"""";"""";"""";"""";"""";"""";"""";"""";"""";"""";"""";"""";"""";"""";"""";"""";"""";"""";"""";"""";"""";"""";"""";"""";"""";"""";"""";"""";"""";"""";"""";"""";"""";""."";""."";""."";""."";""."";""."";""."";""."";""."";""."";""."";""0","6"";""3","2"";""5","9"";""6","0"";""6","3"";""7","7"";""7","5"";""."";"""";"""";"""";"""";"""";"""";"""";"""";"""";"""";"""";"""";"""";"""";"""";"""";"""";"""";""""",,,,,,,,,,,,,,,,,,,,,,,,,,,,,,,,,,,,,,,,,,,,,,,,,,,,,,,,,,,,,,,,,,,,
"Bunkering;""PJ"";""689","2"";""737","1"";""737","8"";""699","0"";""758","9"";""806","6"";""852","1"";""870","5"";""844","4"";""759","2"";""723","0"";""773","2"";""716","9"";""695","8"";""689","8"";""659","3"";""660","2"";""655","9"";""639","2"";"""";"""";"""";"""";"""";"""";"""";"""";"""";"""";"""";"""";"""";"""";"""";"""";"""";"""";"""";""689","2"";""737","1"";""737","8"";""699","0"";""758","9"";""806","6"";""852","1"";""870","5"";""844","4"";""759","2"";""723","0"";""773","2"";""716","9"";""695","8"";""689","8"";""659","3"";""660","2"";""655","7"";""638","8"";""."";""."";""."";""."";""."";""."";""."";""."";""."";""."";""."";""."";""."";""0","0"";""0","0"";""0","0"";""0","0"";""0","1"";""0","5"";"""";"""";"""";"""";"""";"""";"""";"""";"""";"""";"""";"""";"""";"""";"""";"""";"""";"""";"""";"""";"""";"""";"""";"""";"""";"""";"""";"""";"""";"""";"""";"""";"""";"""";"""";"""";"""";"""";"""";"""";"""";"""";"""";"""";"""";"""";"""";"""";"""";"""";"""";"""";"""";"""";"""";"""";"""";"""";"""";"""";"""";"""";"""";"""";"""";"""";"""";"""";"""";"""";"""";"""";"""";"""";"""";"""";"""";"""";"""";"""";"""";"""";"""";"""";"""";"""";"""";"""";"""";"""";"""";"""";"""";"""";"""";"""";"""";"""";"""";"""";"""";"""";"""";"""";"""";"""";"""";"""";"""";"""";"""";"""";"""";""""",,,,,,,,,,,,,,,,,,,,,,,,,,,,,,,,,,,,,,,,,,,,,,,,,,,,,,,,,,,,,,,,,,,,,,,,,,,,,,,,,,,,,,,,,,,,,,,,,,,,,,,,,,,,,,,,,,,,,,,,,,,,,,,,,,,,,,,,,,,,,,,,
"Voorraadmutatie;""PJ"";""-107","0"";""14","3"";""39","1"";""32","1"";""-45","6"";""-50","9"";""-43","1"";""52","5"";""-96","2"";""4","1"";""12","5"";""99","2"";""-92","8"";""14","6"";""-86","2"";""-137","8"";""124","8"";""42","6"";""-53","7"";""1","9"";""-1","2"";""1","1"";""4","0"";""-3","6"";""-4","3"";""4","3"";""-2","3"";""2","7"";""6","6"";""-4","4"";""-2","8"";""3","6"";""8","1"";""-9","8"";""15","9"";""1","9"";""-3","2"";""0","8"";""-85","3"";""-3","5"";""53","5"";""29","1"";""-43","2"";""-50","3"";""-43","5"";""6","8"";""-51","0"";""-28","4"";""32","7"";""138","6"";""-98","8"";""4","5"";""-36","0"";""-140","7"";""48","3"";""87","1"";""20","0"";""-23","7"";""19","1"";""-15","5"";""-1","0"";""1","2"";""3","7"";""-3","8"";""50","9"";""-43","8"";""26","4"";""-18","5"";""-34","9"";""4","6"";""6","0"";""-43","4"";""-13","6"";""75","3"";""-37","2"";""-68","5"";""."";""."";""."";""."";""."";""."";""."";""-2","9"";""-4","1"";""-0","5"";""2","6"";""-1","8"";""-2","3"";""-4","0"";""3","0"";""0","5"";""-0","7"";""-4","0"";""."";"""";"""";"""";"""";"""";"""";"""";"""";"""";"""";"""";"""";"""";"""";"""";"""";"""";"""";"""";"""";"""";"""";"""";"""";"""";"""";"""";"""";"""";"""";"""";"""";"""";"""";"""";"""";"""";"""";"""";"""";"""";"""";"""";"""";"""";"""";"""";"""";"""";"""";"""";"""";"""";"""";"""";"""";"""";""."";""."";""."";""."";""."";""."";""."";""."";""."";""."";""."";""."";""."";""."";""."";""."";""."";""."";""."";"""";"""";"""";"""";"""";"""";"""";"""";"""";"""";"""";"""";"""";"""";"""";"""";"""";"""";""""",,,,,,,,,,,,,,,,,,,,,,,,,,,,,,,,,,,,,,,,,,,,,,,,,,,,,,,,,,,,,,,,,,,,,,,,,,,,,,,,,,,,,,,,,,,,,,,,,,,,,
"Statistische verschillen;""PJ"";""1","3"";""11","3"";""22","0"";""18","8"";""16","4"";""-2","9"";""14","8"";""9","8"";""6","9"";""-2","0"";""-2","1"";""-2","1"";""0","8"";""-17","5"";""-28","7"";""-41","6"";""-20","6"";""-13","6"";""-6","4"";"""";"""";"""";"""";"""";"""";"""";"""";"""";"""";"""";"""";"""";"""";"""";"""";"""";"""";"""";""8","0"";""11","5"";""10","4"";""10","7"";""9","1"";""11","2"";""11","3"";""8","6"";""7","7"";""2","3"";""5","0"";""3","0"";""5","2"";""-8","4"";""-9","8"";""-9","3"";""-7","6"";""-8","8"";""-6","5"";""-10","0"";""-3","7"";""8","6"";""5","8"";""2","2"";""-13","4"";""0","6"";""-1","3"";""-3","0"";""-2","9"";""-5","8"";""-6","2"";""-12","2"";""-10","4"";""-22","6"";""-28","4"";""-8","3"";""-5","2"";""0","1"";""0","0"";""0","0"";""0","0"";""0","0"";""0","0"";""0","1"";""0","1"";""-0","2"";""0","0"";""0","0"";""-0","1"";""-0","1"";""-0","1"";""-0","1"";"""";""0","0"";""-0","1"";""0","1"";""0","0"";""3","3"";""3","4"";""3","1"";""2","3"";""5","1"";""-0","9"";""2","7"";""2","7"";""2","2"";""-1","4"";""-1","2"";""1","2"";""7","9"";""1","4"";""3","7"";""-3","9"";""-4","6"";""0","4"";"""";"""";"""";"""";"""";"""";"""";"""";"""";"""";"""";"""";"""";"""";"""";"""";"""";"""";"""";"""";"""";"""";"""";"""";"""";"""";"""";"""";"""";"""";"""";"""";"""";"""";"""";"""";"""";"""";"""";"""";"""";"""";"""";"""";"""";"""";"""";"""";"""";"""";"""";"""";"""";"""";"""";"""";"""";"""";"""";"""";"""";"""";"""";"""";"""";"""";"""";"""";"""";"""";"""";"""";"""";"""";"""";"""";""""",,,,,,,,,,,,,,,,,,,,,,,,,,,,,,,,,,,,,,,,,,,,,,,,,,,,,,,,,,,,,,,,,,,,,,,,,,,,,,,,,,,,,,,,,,,,,,,
"Totaal energieverbruik;""PJ"";""3145","5"";""3220","1"";""3243","1"";""3355","6"";""3394","5"";""3366","2"";""3309","5"";""3306","7"";""3276","9"";""3243","4"";""3474","7"";""3239","2"";""3250","9"";""3183","7"";""3039","7"";""3107","8"";""3144","3"";""3150","5"";""3098","5"";""325","2"";""346","2"";""348","0"";""359","3"";""354","6"";""338","6"";""323","9"";""351","8"";""333","5"";""312","4"";""315","5"";""311","4"";""341","2"";""342","8"";""378","8"";""461","1"";""427","3"";""383","0"";""342","7"";""1150","7"";""1176","9"";""1208","9"";""1295","1"";""1296","6"";""1292","6"";""1302","9"";""1311","3"";""1227","2"";""1202","9"";""1251","8"";""1201","0"";""1212","1"";""1149","6"";""1138","9"";""1143","7"";""1181","9"";""1195","9"";""1171","4"";""1475","7"";""1505","5"";""1490","3"";""1500","6"";""1536","4"";""1492","4"";""1433","1"";""1397","0"";""1454","0"";""1488","9"";""1683","3"";""1473","4"";""1414","2"";""1408","0"";""1241","0"";""1226","9"";""1265","5"";""1299","3"";""1285","0"";""57","1"";""59","9"";""65","8"";""64","4"";""76","1"";""95","3"";""101","7"";""105","9"";""127","1"";""140","2"";""137","4"";""143","1"";""151","2"";""149","7"";""150","3"";""159","8"";""164","9"";""181","7"";""."";""64","8"";""58","8"";""55","9"";""58","9"";""53","3"";""66","7"";""74","5"";""60","7"";""54","9"";""19","0"";""11","2"";""31","5"";""53","7"";""64","3"";""49","3"";""35","4"";""22","3"";""12","2"";""28","7"";"""";"""";"""";"""";"""";"""";"""";"""";"""";"""";"""";"""";"""";"""";"""";"""";"""";"""";"""";""40","5"";""40","9"";""40","3"";""41","3"";""39","4"";""41","3"";""35","9"";""41","0"";""40","1"";""41","0"";""38","4"";""40","2"";""38","5"";""27","6"";""39","4"";""39","2"";""38","4"";""33","1"";""34","7"";""30","5"";""30","5"";""33","1"";""35","2"";""36","1"";""37","3"";""35","3"";""36","6"";""38","1"";""37","0"";""35","0"";""36","2"";""36","0"";""37","8"";""39","3"";""38","1"";""40","4"";""41","6"";""."";""1","0"";""1","4"";""0","8"";""0","9"";""1","8"";""2","1"";""2","1"";""2","4"";""2","0"";""1","9"";""2","1"";""2","4"";""4","0"";""3","9"";""2","8"";""3","6"";""3","6"";""3","7"";"".""",,,,,,,,,,,,,,,,,,,,
"||Totaal inzet;""PJ"";""3946","8"";""3994","9"";""3894","1"";""4018","6"";""4206","7"";""4268","4"";""4177","4"";""4176","0"";""4154","8"";""4145","8"";""4424","4"";""4260","8"";""4325","7"";""4260","2"";""4400","0"";""4676","2"";""4849","0"";""4882","1"";""5168","5"";""406","0"";""431","6"";""430","6"";""445","0"";""443","0"";""427","9"";""405","6"";""438","0"";""416","3"";""376","2"";""396","7"";""393","2"";""419","4"";""423","5"";""463","0"";""547","1"";""510","4"";""464","7"";""430","9"";""2866","6"";""2865","3"";""2752","1"";""2861","8"";""3011","3"";""3085","2"";""3037","1"";""2970","5"";""2914","3"";""2904","8"";""3116","7"";""3009","7"";""3139","0"";""3092","9"";""3219","9"";""3446","7"";""3627","9"";""3662","9"";""3982","2"";""530","7"";""554","7"";""565","2"";""563","6"";""596","2"";""580","6"";""561","6"";""583","9"";""616","9"";""641","1"";""693","9"";""632","0"";""535","1"";""524","6"";""486","9"";""446","2"";""474","2"";""508","5"";""506","3"";""38","0"";""41","0"";""46","8"";""44","7"";""54","7"";""72","8"";""77","6"";""81","0"";""101","7"";""113","9"";""111","1"";""116","5"";""123","4"";""119","8"";""117","5"";""123","3"";""126","2"";""140","9"";""."";""15","3"";""16","1"";""15","9"";""15","7"";""16","2"";""17","0"";""16","6"";""17","0"";""17","2"";""18","4"";""16","5"";""17","0"";""16","2"";""16","4"";""17","4"";""16","2"";""15","0"";""13","7"";""12","2"";""20","7"";""15","7"";""12","4"";""13","5"";""12","7"";""10","5"";""11","5"";""11","2"";""13","5"";""16","2"";""17","5"";""17","5"";""19","1"";""19","1"";""17","6"";""17","2"";""14","5"";""15","0"";""10","1"";""40","5"";""40","9"";""40","3"";""41","3"";""39","4"";""41","3"";""35","9"";""41","0"";""40","1"";""41","0"";""38","4"";""40","2"";""38","5"";""27","6"";""39","4"";""39","2"";""38","4"";""33","1"";""34","7"";""28","0"";""28","2"";""30","0"";""32","3"";""32","4"";""32","2"";""30","8"";""32","2"";""33","7"";""33","2"";""32","6"";""34","0"";""34","1"";""35","6"";""36","6"";""38","1"";""40","4"";""41","6"";""."";""1","0"";""1","4"";""0","8"";""0","9"";""0","9"";""1","0"";""0","9"";""1","2"";""1","1"";""1","0"";""0","9"";""0","9"";""0","8"";""0","9"";""1","6"";""2","2"";""2","0"";""1","7"";"".""",
"||Inzet elektriciteit/WKK-omzetting;""PJ"";""906","2"";""952","7"";""967","4"";""973","1"";""1005","9"";""987","2"";""964","9"";""1009","9"";""1041","0"";""1060","4"";""1107","0"";""1044","2"";""984","6"";""965","1"";""972","2"";""1016","8"";""1018","6"";""1006","7"";""960","9"";""234","5"";""251","0"";""252","5"";""258","8"";""251","1"";""236","4"";""228","5"";""244","7"";""231","4"";""229","1"";""223","5"";""211","2"";""240","5"";""248","3"";""283","4"";""364","7"";""330","8"";""283","8"";""246","9"";""51","6"";""50","8"";""45","4"";""45","9"";""45","5"";""40","8"";""41","3"";""44","1"";""40","7"";""24","9"";""22","9"";""27","6"";""23","4"";""21","7"";""27","1"";""17","2"";""16","2"";""15","6"";""16","6"";""501","3"";""527","7"";""538","1"";""534","6"";""568","2"";""549","6"";""537","9"";""565","2"";""592","5"";""616","0"";""667","0"";""603","6"";""509","0"";""497","4"";""455","1"";""422","2"";""455","7"";""488","2"";""482","8"";""33","1"";""36","8"";""42","4"";""40","4"";""50","0"";""67","8"";""70","2"";""62","2"";""79","9"";""90","3"";""96","6"";""101","1"";""107","6"";""101","6"";""96","8"";""104","4"";""110","0"";""119","8"";""120","4"";""13","0"";""13","7"";""13","9"";""13","9"";""14","4"";""15","2"";""15","1"";""15","3"";""15","6"";""16","5"";""14","8"";""15","2"";""14","6"";""15","0"";""16","7"";""16","2"";""15","0"";""13","7"";""12","2"";""10","0"";""8","8"";""10","1"";""11","8"";""10","9"";""8","7"";""9","8"";""9","8"";""11","6"";""14","7"";""15","9"";""15","7"";""18","5"";""19","0"";""17","2"";""17","2"";""14","5"";""15","0"";""9","6"";""40","5"";""40","9"";""40","3"";""41","3"";""39","4"";""41","3"";""35","9"";""41","0"";""40","1"";""41","0"";""38","4"";""40","2"";""38","5"";""27","6"";""39","4"";""39","2"";""38","4"";""33","1"";""34","7"";""21","5"";""22","2"";""23","7"";""25","6"";""25","7"";""26","6"";""25","5"";""26","8"";""28","4"";""27","4"";""27","2"";""29","0"";""31","8"";""33","6"";""34","9"";""33","6"";""36","0"";""35","8"";""."";""0","9"";""0","9"";""0","8"";""0","8"";""0","7"";""0","9"";""0","8"";""0","8"";""0","7"";""0","5"";""0","7"";""0","7"";""0","7"";""0","8"";""1","5"";""2","1"";""2","0"";""1","7"";""."""
"||Inzet andere omzetting;""PJ"";""3040","6"";""3042","1"";""2926","7"";""3045","6"";""3200","8"";""3281","2"";""3212","6"";""3166","1"";""3113","8"";""3085","4"";""3317","3"";""3216","6"";""3341","0"";""3295","1"";""3427","8"";""3659","3"";""3830","4"";""3875","4"";""4207","6"";""171","5"";""180","6"";""178","0"";""186","2"";""191","9"";""191","6"";""177","1"";""193","2"";""184","9"";""147","1"";""173","2"";""182","0"";""178","9"";""175","2"";""179","6"";""182","4"";""179","7"";""180","9"";""184","0"";""2815","0"";""2814","5"";""2706","7"";""2815","8"";""2965","8"";""3044","4"";""2995","8"";""2926","3"";""2873","6"";""2879","9"";""3093","8"";""2982","1"";""3115","6"";""3071","2"";""3192","9"";""3429","5"";""3611","7"";""3647","2"";""3965","6"";""29","4"";""27","0"";""27","1"";""29","0"";""28","0"";""31","0"";""23","7"";""18","7"";""24","4"";""25","1"";""26","9"";""28","4"";""26","2"";""27","1"";""31","8"";""23","9"";""18","5"";""20","4"";""23","5"";""4","9"";""4","2"";""4","4"";""4","3"";""4","7"";""5","0"";""7","4"";""18","9"";""21","8"";""23","7"";""14","5"";""15","3"";""15","7"";""18","2"";""20","7"";""19","0"";""16","2"";""21","1"";""."";""2","3"";""2","4"";""1","9"";""1","8"";""1","8"";""1","8"";""1","5"";""1","7"";""1","6"";""1","9"";""1","7"";""1","7"";""1","6"";""1","4"";""0","7"";""."";""."";""."";"""";""10","7"";""6","9"";""2","2"";""1","7"";""1","7"";""1","8"";""1","7"";""1","5"";""1","9"";""1","5"";""1","6"";""1","8"";""0","7"";""0","1"";""0","3"";""."";""0","0"";""."";""0","5"";"""";"""";"""";"""";"""";"""";"""";"""";"""";"""";"""";"""";"""";"""";"""";"""";"""";"""";"""";""6","5"";""6","1"";""6","3"";""6","7"";""6","7"";""5","6"";""5","2"";""5","4"";""5","3"";""5","7"";""5","4"";""4","9"";""2","3"";""1","9"";""1","7"";""4","5"";""4","3"";""5","8"";""."";""0","1"";""0","5"";""."";""0","1"";""0","2"";""0","1"";""0","1"";""0","4"";""0","4"";""0","5"";""0","2"";""0","2"";""0","1"";""0","1"";""0","0"";""0","0"";""."";""0","0"";"".""",,,,,,,,,,,,,,,,,,,,,,,,,,,,
"|||Totaal productie;""PJ"";""3438","4"";""3442","9"";""3345","3"";""3453","1"";""3631","1"";""3708","3"";""3646","4"";""3621","5"";""3612","5"";""3592","1"";""3860","5"";""3729","2"";""3804","6"";""3758","1"";""3857","1"";""4110","9"";""4298","7"";""4355","5"";""4662","6"";""112","3"";""117","6"";""113","8"";""118","0"";""122","2"";""122","9"";""116","0"";""123","2"";""120","1"";""93","7"";""114","4"";""114","9"";""110","4"";""111","4"";""113","4"";""114","4"";""112","2"";""111","9"";""112","4"";""2742","0"";""2731","6"";""2633","5"";""2733","1"";""2884","5"";""2968","5"";""2939","9"";""2876","5"";""2849","2"";""2844","5"";""3052","6"";""2948","0"";""3075","3"";""3036","5"";""3149","5"";""3386","6"";""3569","1"";""3614","8"";""3947","4"";""0","5"";""0","5"";""0","4"";""0","3"";""0","4"";""0","4"";""0","9"";""1","2"";""1","6"";""1","6"";""1","4"";""1","9"";""2","4"";""2","8"";""3","2"";""3","8"";""4","1"";""4","5"";""4","4"";"""";"""";"""";"""";"""";"""";"""";"""";"""";"""";"""";"""";"""";"""";"""";"""";"""";"""";""."";""322","7"";""337","2"";""345","5"";""348","5"";""364","4"";""359","7"";""355","8"";""378","6"";""387","2"";""409","3"";""429","4"";""410","3"";""371","6"";""365","9"";""372","1"";""397","4"";""414","8"";""422","1"";""406","5"";""260","8"";""256","1"";""252","0"";""253","2"";""259","7"";""256","7"";""233","8"";""242","1"";""254","4"";""243","0"";""262","7"";""254","1"";""244","8"";""241","5"";""218","9"";""208","8"";""198","6"";""202","3"";""191","9"";"""";"""";"""";"""";"""";"""";"""";"""";"""";"""";"""";"""";"""";"""";"""";"""";"""";"""";"""";"""";"""";"""";"""";"""";"""";"""";"""";"""";"""";"""";"""";"""";"""";"""";"""";"""";"""";""."";"""";"""";"""";"""";"""";"""";"""";"""";"""";"""";"""";"""";"""";"""";"""";"""";"""";"""";"".""",,,,,,,,,,,,,,,,,,,,,,,,,,,,,,,,,,,,,,,,,,,,,,,,,,,,,,,,,,,,,,,,,,,,,,,,,,
"||Productie elektriciteit/WKK-omzetting;""PJ"";""525","9"";""538","6"";""546","4"";""548","7"";""572","7"";""565","4"";""563","6"";""593","7"";""614","8"";""625","1"";""664","3"";""637","3"";""597","1"";""587","5"";""571","2"";""586","3"";""595","1"";""605","0"";""581","2"";"""";"""";"""";"""";"""";"""";"""";"""";"""";"""";"""";"""";"""";"""";"""";"""";"""";"""";"""";"""";"""";"""";"""";"""";"""";"""";"""";"""";"""";"""";"""";"""";"""";"""";"""";"""";"""";"""";"""";"""";"""";"""";"""";"""";"""";"""";"""";"""";"""";"""";"""";"""";"""";"""";"""";"""";"""";"""";"""";"""";"""";"""";"""";"""";"""";"""";"""";"""";"""";"""";"""";"""";"""";"""";"""";"""";""322","7"";""337","2"";""345","5"";""348","5"";""364","4"";""359","7"";""355","8"";""378","6"";""387","2"";""409","3"";""429","4"";""410","3"";""371","6"";""365","9"";""372","1"";""397","4"";""414","8"";""422","1"";""406","5"";""203","2"";""201","4"";""200","9"";""200","2"";""208","3"";""205","7"";""207","8"";""215","1"";""227","6"";""215","8"";""234","9"";""227","1"";""225","5"";""221","7"";""199","1"";""188","9"";""180","3"";""182","8"";""174","7"";"""";"""";"""";"""";"""";"""";"""";"""";"""";"""";"""";"""";"""";"""";"""";"""";"""";"""";"""";"""";"""";"""";"""";"""";"""";"""";"""";"""";"""";"""";"""";"""";"""";"""";"""";"""";"""";""."";"""";"""";"""";"""";"""";"""";"""";"""";"""";"""";"""";"""";"""";"""";"""";"""";"""";"""";"".""",,,,,,,,,,,,,,,,,,,,,,,,,,,,,,,,,,,,,,,,,,,,,,,,,,,,,,,,,,,,,,,,,,,,,,,,,,,,,,,,,,,,,,,,,,,,,,,,,,,,,,,,,,,,,,,,,,,,,,,,,,,,,,,,,,,
"||Productie andere omzetting;""PJ"";""2912","5"";""2904","4"";""2798","8"";""2904","4"";""3058","5"";""3142","9"";""3082","8"";""3027","8"";""2997","7"";""2967","0"";""3196","1"";""3091","8"";""3207","4"";""3170","6"";""3285","9"";""3524","6"";""3703","6"";""3750","6"";""4081","4"";""112","3"";""117","6"";""113","8"";""118","0"";""122","2"";""122","9"";""116","0"";""123","2"";""120","1"";""93","7"";""114","4"";""114","9"";""110","4"";""111","4"";""113","4"";""114","4"";""112","2"";""111","9"";""112","4"";""2742","0"";""2731","6"";""2633","5"";""2733","1"";""2884","5"";""2968","5"";""2939","9"";""2876","5"";""2849","2"";""2844","5"";""3052","6"";""2948","0"";""3075","3"";""3036","5"";""3149","5"";""3386","6"";""3569","1"";""3614","8"";""3947","4"";""0","5"";""0","5"";""0","4"";""0","3"";""0","4"";""0","4"";""0","9"";""1","2"";""1","6"";""1","6"";""1","4"";""1","9"";""2","4"";""2","8"";""3","2"";""3","8"";""4","1"";""4","5"";""4","4"";"""";"""";"""";"""";"""";"""";"""";"""";"""";"""";"""";"""";"""";"""";"""";"""";"""";"""";"""";"""";"""";"""";"""";"""";"""";"""";"""";"""";"""";"""";"""";"""";"""";"""";"""";"""";"""";"""";""57","6"";""54","8"";""51","1"";""53","0"";""51","4"";""51","0"";""26","0"";""26","9"";""26","8"";""27","3"";""27","7"";""27","1"";""19","3"";""19","8"";""19","8"";""19","8"";""18","3"";""19","4"";""17","2"";"""";"""";"""";"""";"""";"""";"""";"""";"""";"""";"""";"""";"""";"""";"""";"""";"""";"""";"""";"""";"""";"""";"""";"""";"""";"""";"""";"""";"""";"""";"""";"""";"""";"""";"""";"""";"""";""."";"""";"""";"""";"""";"""";"""";"""";"""";"""";"""";"""";"""";"""";"""";"""";"""";"""";"""";"".""",,,,,,,,,,,,,,,,,,,,,,,,,,,,,,,,,,,,,,,,,,,,,,,,,,,,,,,,,,,,,,,,,,,,,,,,,,,,,,,,,,,,,,,,,,,,,
"|||Totaal saldo energieomzetting;""PJ"";""508","5"";""551","9"";""548","8"";""565","5"";""575","6"";""560","0"";""531","0"";""554","4"";""542","3"";""553","7"";""563","9"";""531","6"";""521","1"";""502","1"";""542","9"";""565","2"";""550","3"";""526","5"";""505","9"";""293","7"";""314","0"";""316","7"";""327","1"";""320","8"";""305","0"";""289","6"";""314","8"";""296","3"";""282","4"";""282","3"";""278","4"";""309","0"";""312","0"";""349","6"";""432","7"";""398","2"";""352","8"";""318","5"";""124","5"";""133","8"";""118","6"";""128","7"";""126","9"";""116","6"";""97","1"";""94","0"";""65","1"";""60","3"";""64","1"";""61","7"";""63","7"";""56","4"";""70","4"";""60","1"";""58","8"";""48","1"";""34","8"";""530","2"";""554","2"";""564","8"";""563","3"";""595","7"";""580","1"";""560","6"";""582","7"";""615","3"";""639","5"";""692","5"";""630","1"";""532","7"";""521","7"";""483","8"";""442","4"";""470","1"";""504","1"";""501","9"";""38","0"";""41","0"";""46","8"";""44","7"";""54","7"";""72","8"";""77","6"";""81","0"";""101","7"";""113","9"";""111","1"";""116","5"";""123","4"";""119","8"";""117","5"";""123","3"";""126","2"";""140","9"";""."";""-307","4"";""-321","1"";""-329","7"";""-332","9"";""-348","2"";""-342","7"";""-339","2"";""-361","6"";""-370","0"";""-390","9"";""-412","8"";""-393","3"";""-355","4"";""-349","4"";""-354","7"";""-381","2"";""-399","7"";""-408","5"";""-394","2"";""-240","1"";""-240","5"";""-239","6"";""-239","7"";""-247","0"";""-246","2"";""-222","3"";""-230","8"";""-240","9"";""-226","8"";""-245","2"";""-236","7"";""-225","7"";""-222","4"";""-201","3"";""-191","6"";""-184","0"";""-187","3"";""-181","7"";""40","5"";""40","9"";""40","3"";""41","3"";""39","4"";""41","3"";""35","9"";""41","0"";""40","1"";""41","0"";""38","4"";""40","2"";""38","5"";""27","6"";""39","4"";""39","2"";""38","4"";""33","1"";""34","7"";""28","0"";""28","2"";""30","0"";""32","3"";""32","4"";""32","2"";""30","8"";""32","2"";""33","7"";""33","2"";""32","6"";""34","0"";""34","1"";""35","6"";""36","6"";""38","1"";""40","4"";""41","6"";""."";""1","0"";""1","4"";""0","8"";""0","9"";""0","9"";""1","0"";""0","9"";""1","2"";""1","1"";""1","0"";""0","9"";""0","9"";""0","8"";""0","9"";""1","6"";""2","2"";""2","0"";""1","7"";"".""",
"||Saldo elektriciteit/WKK-omzetting;""PJ"";""380","4"";""414","2"";""421","0"";""424","4"";""433","2"";""421","7"";""401","2"";""416","2"";""426","2"";""435","3"";""442","7"";""406","9"";""387","5"";""377","6"";""401","0"";""430","5"";""423","6"";""401","7"";""379","7"";""234","5"";""251","0"";""252","5"";""258","8"";""251","1"";""236","4"";""228","5"";""244","7"";""231","4"";""229","1"";""223","5"";""211","2"";""240","5"";""248","3"";""283","4"";""364","7"";""330","8"";""283","8"";""246","9"";""51","6"";""50","8"";""45","4"";""45","9"";""45","5"";""40","8"";""41","3"";""44","1"";""40","7"";""24","9"";""22","9"";""27","6"";""23","4"";""21","7"";""27","1"";""17","2"";""16","2"";""15","6"";""16","6"";""501","3"";""527","7"";""538","1"";""534","6"";""568","2"";""549","6"";""537","9"";""565","2"";""592","5"";""616","0"";""667","0"";""603","6"";""509","0"";""497","4"";""455","1"";""422","2"";""455","7"";""488","2"";""482","8"";""33","1"";""36","8"";""42","4"";""40","4"";""50","0"";""67","8"";""70","2"";""62","2"";""79","9"";""90","3"";""96","6"";""101","1"";""107","6"";""101","6"";""96","8"";""104","4"";""110","0"";""119","8"";""120","4"";""-309","7"";""-323","5"";""-331","6"";""-334","7"";""-350","0"";""-344","5"";""-340","7"";""-363","3"";""-371","6"";""-392","8"";""-414","6"";""-395","0"";""-357","0"";""-350","8"";""-355","4"";""-381","2"";""-399","7"";""-408","5"";""-394","2"";""-193","3"";""-192","6"";""-190","8"";""-188","4"";""-197","4"";""-197","1"";""-198","0"";""-205","4"";""-216","0"";""-201","1"";""-219","0"";""-211","4"";""-207","0"";""-202","7"";""-181","9"";""-171","7"";""-165","8"";""-167","8"";""-165","1"";""40","5"";""40","9"";""40","3"";""41","3"";""39","4"";""41","3"";""35","9"";""41","0"";""40","1"";""41","0"";""38","4"";""40","2"";""38","5"";""27","6"";""39","4"";""39","2"";""38","4"";""33","1"";""34","7"";""21","5"";""22","2"";""23","7"";""25","6"";""25","7"";""26","6"";""25","5"";""26","8"";""28","4"";""27","4"";""27","2"";""29","0"";""31","8"";""33","6"";""34","9"";""33","6"";""36","0"";""35","8"";""."";""0","9"";""0","9"";""0","8"";""0","8"";""0","7"";""0","9"";""0","8"";""0","8"";""0","7"";""0","5"";""0","7"";""0","7"";""0","7"";""0","8"";""1","5"";""2","1"";""2","0"";""1","7"";""."""
"||Saldo andere omzetting;""PJ"";""128","1"";""137","8"";""127","8"";""141","2"";""142","3"";""138","3"";""129","8"";""138","3"";""116","2"";""118","4"";""121","2"";""124","8"";""133","6"";""124","5"";""141","9"";""134","7"";""126","7"";""124","9"";""126","2"";""59","2"";""63","1"";""64","2"";""68","2"";""69","7"";""68","6"";""61","1"";""70","1"";""64","9"";""53","4"";""58","8"";""67","2"";""68","5"";""63","8"";""66","2"";""68","0"";""67","5"";""69","0"";""71","6"";""73","0"";""82","9"";""73","2"";""82","7"";""81","3"";""75","8"";""55","9"";""49","9"";""24","4"";""35","4"";""41","2"";""34","1"";""40","3"";""34","7"";""43","3"";""42","9"";""42","6"";""32","5"";""18","2"";""28","9"";""26","5"";""26","7"";""28","7"";""27","5"";""30","6"";""22","8"";""17","5"";""22","8"";""23","5"";""25","5"";""26","5"";""23","7"";""24","3"";""28","7"";""20","1"";""14","4"";""15","9"";""19","1"";""4","9"";""4","2"";""4","4"";""4","3"";""4","7"";""5","0"";""7","4"";""18","9"";""21","8"";""23","7"";""14","5"";""15","3"";""15","7"";""18","2"";""20","7"";""19","0"";""16","2"";""21","1"";""."";""2","3"";""2","4"";""1","9"";""1","8"";""1","8"";""1","8"";""1","5"";""1","7"";""1","6"";""1","9"";""1","7"";""1","7"";""1","6"";""1","4"";""0","7"";""."";""."";""."";"""";""-46","8"";""-47","9"";""-48","9"";""-51","3"";""-49","6"";""-49","2"";""-24","3"";""-25","5"";""-24","9"";""-25","7"";""-26","2"";""-25","3"";""-18","7"";""-19","7"";""-19","4"";""-19","8"";""-18","3"";""-19","4"";""-16","6"";"""";"""";"""";"""";"""";"""";"""";"""";"""";"""";"""";"""";"""";"""";"""";"""";"""";"""";"""";""6","5"";""6","1"";""6","3"";""6","7"";""6","7"";""5","6"";""5","2"";""5","4"";""5","3"";""5","7"";""5","4"";""4","9"";""2","3"";""1","9"";""1","7"";""4","5"";""4","3"";""5","8"";""."";""0","1"";""0","5"";""."";""0","1"";""0","2"";""0","1"";""0","1"";""0","4"";""0","4"";""0","5"";""0","2"";""0","2"";""0","1"";""0","1"";""0","0"";""0","0"";""."";""0","0"";"".""",,,,,,,,,,,,,,,,,,,,,,,,,,
"||Totaal;""PJ"";""163","0"";""163","3"";""159","2"";""160","7"";""167","4"";""172","5"";""162","6"";""176","3"";""167","0"";""163","3"";""170","0"";""182","0"";""174","4"";""175","0"";""170","5"";""181","9"";""177","6"";""170","8"";""166","6"";""7","5"";""8","1"";""7","5"";""7","7"";""7","9"";""7","7"";""7","5"";""7","9"";""8","0"";""6","2"";""7","5"";""7","4"";""7","2"";""7","4"";""7","7"";""7","9"";""7","8"";""7","8"";""1","1"";""84","4"";""84","5"";""76","2"";""79","8"";""86","6"";""90","1"";""85","4"";""93","6"";""87","1"";""77","6"";""72","1"";""78","1"";""81","5"";""76","2"";""80","8"";""91","4"";""92","7"";""85","6"";""86","2"";""37","4"";""35","5"";""41","4"";""39","2"";""39","7"";""40","1"";""39","9"";""39","3"";""38","0"";""42","9"";""50","3"";""55","5"";""48","0"";""52","4"";""44","6"";""43","4"";""39","7"";""40","7"";""42","1"";"""";"""";"""";"""";"""";""."";""."";""."";""."";""."";""."";""."";""."";""0","0"";""."";""."";""."";""."";"""";""12","2"";""12","8"";""12","4"";""12","9"";""13","0"";""14","1"";""13","7"";""14","1"";""14","6"";""14","0"";""15","8"";""17","8"";""16","4"";""19","8"";""20","1"";""21","9"";""21","5"";""20","9"";""21","9"";""21","6"";""22","5"";""21","6"";""21","2"";""20","2"";""20","4"";""16","2"";""21","2"";""19","4"";""22","7"";""24","2"";""23","1"";""21","3"";""19","1"";""17","3"";""17","2"";""15","7"";""15","8"";""15","4"";"""";"""";"""";"""";"""";"""";"""";"""";"""";"""";"""";"""";"""";"""";"""";"""";"""";"""";"""";""."";""."";""."";""."";""."";""."";""."";""."";""."";""."";""."";""."";""."";""."";""."";""."";""."";""."";"""";"""";"""";"""";"""";"""";"""";"""";"""";"""";"""";"""";"""";"""";"""";"""";"""";"""";"""";""""",,,,,,,,,,,,,,,,,,,,,,,,,,,,,,,,,,,,,,,,,,,,,,,,,,,,,,,,,,,,,,,,,,,,,,,,,
"Verliezen bij distributie;""PJ"";""22","2"";""22","9"";""23","3"";""23","7"";""24","6"";""24","5"";""24","7"";""23","6"";""23","4"";""22","8"";""24","4"";""22","6"";""22","1"";""22","0"";""20","9"";""22","9"";""23","3"";""23","6"";""23","3"";"""";"""";"""";"""";"""";"""";"""";"""";"""";"""";"""";"""";"""";"""";"""";"""";"""";"""";"""";"""";"""";"""";"""";"""";"""";"""";"""";"""";"""";"""";"""";"""";"""";"""";"""";"""";"""";"""";"""";"""";"""";"""";"""";"""";"""";"""";"""";"""";"""";"""";"""";"""";"""";"""";"""";"""";"""";"""";"""";"""";"""";"""";"""";"""";"""";"""";"""";"""";"""";"""";"""";"""";"""";"""";"""";"""";""17","7"";""18","2"";""18","4"";""18","6"";""19","3"";""19","5"";""19","6"";""19","9"";""19","6"";""18","9"";""20","3"";""18","7"";""18","7"";""18","5"";""17","8"";""19","0"";""19","6"";""19","5"";""19","5"";""4","5"";""4","7"";""4","9"";""5","1"";""5","3"";""5","1"";""5","1"";""3","7"";""3","9"";""3","9"";""4","2"";""3","8"";""3","4"";""3","5"";""3","1"";""4","0"";""3","8"";""4","1"";""3","8"";"""";"""";"""";"""";"""";"""";"""";"""";"""";"""";"""";"""";"""";"""";"""";"""";"""";"""";"""";"""";"""";"""";"""";"""";"""";"""";"""";"""";"""";"""";"""";"""";"""";"""";"""";"""";"""";"""";"""";"""";"""";"""";"""";"""";"""";"""";"""";"""";"""";"""";"""";"""";"""";"""";"""";"""";""""",,,,,,,,,,,,,,,,,,,,,,,,,,,,,,,,,,,,,,,,,,,,,,,,,,,,,,,,,,,,,,,,,,,,,,,,,,,,,,,,,,,,,,,,,,,,,,,,,,,,,,,,,,,,,,,,,,,,,,,,,,,,,,,,,,,
"Totaal finaal verbruik;""PJ"";""2451","8"";""2482","0"";""2511","8"";""2605","6"";""2626","9"";""2609","2"";""2591","1"";""2552","4"";""2544","1"";""2503","6"";""2716","3"";""2503","0"";""2533","3"";""2484","6"";""2305","5"";""2337","8"";""2393","1"";""2429","6"";""2402","6"";""24","0"";""24","1"";""23","8"";""24","6"";""25","9"";""25","9"";""26","8"";""29","1"";""29","3"";""23","8"";""25","6"";""25","6"";""25","0"";""23","3"";""21","5"";""20","5"";""21","2"";""22","4"";""23","2"";""941","8"";""958","7"";""1014","1"";""1086","6"";""1083","2"";""1085","9"";""1120","4"";""1123","6"";""1075","0"";""1065","0"";""1115","6"";""1061","2"";""1066","9"";""1017","0"";""987","6"";""992","1"";""1030","4"";""1062","2"";""1050","3"";""908","2"";""915","8"";""884","1"";""898","1"";""900","9"";""872","2"";""832","6"";""775","0"";""800","8"";""806","4"";""940","4"";""787","8"";""833","4"";""833","8"";""712","6"";""741","2"";""755","7"";""754","5"";""741","0"";""19","1"";""18","9"";""19","0"";""19","7"";""21","5"";""22","5"";""24","1"";""24","8"";""25","4"";""26","2"";""26","3"";""26","6"";""27","8"";""29","9"";""32","8"";""36","5"";""38","6"";""40","8"";""."";""342","3"";""348","9"";""354","8"";""360","3"";""369","2"";""375","9"";""380","4"";""388","3"";""390","7"";""377","1"";""387","9"";""388","4"";""374","0"";""375","4"";""366","1"";""375","7"";""380","9"";""380","3"";""381","6"";""213","9"";""213","3"";""213","1"";""213","3"";""221","5"";""220","7"";""201","0"";""205","9"";""217","6"";""200","3"";""216","8"";""209","7"";""201","0"";""199","9"";""180","9"";""170","4"";""164","6"";""167","3"";""165","3"";"""";"""";"""";"""";"""";"""";"""";"""";"""";"""";"""";"""";"""";"""";"""";"""";"""";"""";"""";""2","5"";""2","3"";""3","0"";""2","9"";""3","7"";""5","1"";""4","6"";""4","5"";""4","4"";""3","9"";""2","4"";""2","2"";""2","0"";""2","3"";""2","7"";""."";""."";""."";""."";""."";""."";""."";""."";""1","0"";""1","1"";""1","2"";""1","2"";""0","9"";""0","9"";""1","3"";""1","5"";""3","2"";""3","0"";""1","3"";""1","4"";""1","6"";""2","0"";"".""",,,,,,,,,,,,,,,,,,,,,,,,,,,
"||Totaal;""PJ"";""1981","4"";""2015","6"";""2012","7"";""2045","7"";""2068","5"";""2044","1"";""2033","2"";""1994","1"";""2032","8"";""1965","7"";""2114","0"";""1947","6"";""1960","8"";""1962","0"";""1782","0"";""1830","4"";""1864","1"";""1869","0"";""1880","3"";""19","2"";""19","6"";""19","4"";""19","9"";""21","3"";""21","2"";""22","2"";""24","0"";""23","9"";""19","6"";""21","6"";""21","3"";""21","0"";""19","7"";""19","8"";""20","2"";""20","9"";""22","2"";""22","9"";""578","3"";""587","7"";""607","6"";""619","1"";""619","7"";""619","9"";""653","0"";""664","0"";""652","3"";""634","1"";""648","2"";""636","0"";""626","8"";""605","8"";""581","2"";""587","0"";""597","9"";""609","0"";""621","4"";""806","1"";""824","9"";""796","0"";""810","4"";""810","7"";""777","8"";""746","6"";""681","3"";""717","5"";""703","6"";""809","6"";""661","8"";""705","0"";""726","1"";""597","3"";""639","2"";""659","5"";""647","4"";""."";""19","1"";""18","9"";""19","0"";""19","7"";""21","5"";""22","5"";""24","1"";""24","8"";""25","4"";""26","2"";""26","3"";""26","6"";""27","8"";""29","9"";""32","8"";""36","5"";""38","6"";""40","8"";""."";""342","3"";""348","9"";""354","8"";""360","3"";""369","2"";""375","9"";""380","4"";""388","3"";""390","7"";""377","1"";""387","9"";""388","4"";""374","0"";""375","4"";""366","1"";""375","7"";""380","9"";""380","3"";""381","6"";""213","9"";""213","3"";""213","1"";""213","3"";""221","5"";""220","7"";""201","0"";""205","9"";""217","6"";""200","3"";""216","8"";""209","7"";""201","0"";""199","9"";""180","9"";""170","4"";""164","6"";""167","3"";""165","3"";"""";"""";"""";"""";"""";"""";"""";"""";"""";"""";"""";"""";"""";"""";"""";"""";"""";"""";"""";""2","5"";""2","3"";""3","0"";""2","9"";""3","7"";""5","1"";""4","6"";""4","5"";""4","4"";""3","9"";""2","4"";""2","2"";""2","0"";""2","3"";""2","7"";""."";""."";""."";""."";""."";""."";""."";""."";""1","0"";""1","1"";""1","2"";""1","2"";""0","9"";""0","9"";""1","3"";""1","5"";""3","2"";""3","0"";""1","3"";""1","4"";""1","6"";""2","0"";"".""",,,,,,,,,,,,,,,,,,,,,,,,,,,,
"|||Totaal;""PJ"";""470","4"";""466","3"";""499","1"";""559","9"";""558","3"";""565","1"";""557","9"";""558","3"";""511","3"";""538","0"";""602","3"";""555","4"";""572","5"";""522","5"";""523","5"";""507","4"";""529","0"";""560","5"";""522","3"";""4","9"";""4","4"";""4","4"";""4","7"";""4","6"";""4","7"";""4","6"";""5","1"";""5","3"";""4","2"";""4","0"";""4","3"";""4","0"";""3","6"";""1","7"";""0","3"";""0","3"";""0","2"";""0","2"";""363","5"";""371","0"";""406","5"";""467","5"";""463","4"";""466","0"";""467","4"";""459","6"";""422","7"";""430","9"";""467","5"";""425","2"";""440","1"";""411","3"";""406","5"";""405","1"";""432","5"";""453","2"";""428","9"";""102","0"";""91","0"";""88","2"";""87","8"";""90","3"";""94","3"";""85","9"";""93","7"";""83","3"";""102","9"";""130","8"";""126","0"";""128","4"";""107","7"";""115","3"";""102","0"";""96","2"";""107","1"";""."";"""";"""";"""";"""";"""";"""";"""";"""";"""";"""";"""";"""";"""";"""";"""";"""";"""";"""";"""";"""";"""";"""";"""";"""";"""";"""";"""";"""";"""";"""";"""";"""";"""";"""";"""";"""";"""";"""";"""";"""";"""";"""";"""";"""";"""";"""";"""";"""";"""";"""";"""";"""";"""";"""";"""";"""";"""";"""";"""";"""";"""";"""";"""";"""";"""";"""";"""";"""";"""";"""";"""";"""";"""";"""";"""";"""";"""";"""";"""";"""";"""";"""";"""";"""";"""";"""";"""";"""";"""";"""";"""";"""";"""";"""";"""";"""";"""";"""";"""";"""";"""";"""";"""";"""";"""";"""";"""";"""";"""";"""";"""";"""";"""";""""",,,,,,,,,,,,,,,,,,,,,,,,,,,,,,,,,,,,,,,,,,,,,,,,,,,,,,,,,,,,,,,,,,,,,,,,,,,,,,,,,,,,,,,,,,,,,,,,,,,,,,,,,,,,,,,,,
Bron: CBS,,,,,,,,,,,,,,,,,,,,,,,,,,,,,,,,,,,,,,,,,,,,,,,,,,,,,,,,,,,,,,,,,,,,,,,,,,,,,,,,,,,,,,,,,,,,,,,,,,,,,,,,,,,,,,,,,,,,,,,,,,,,,,,,,,,,,,,,,,,,,,,,,,,,,,,,,,,,,,,,,,,,,,,,,,,,,,,,,,,,,,,,,,,,